instance_id,instance_path,facility_count_m,customer_count_n,best_known,has_best_known
cap71,D:\aui\Ayoub\Spring_2026\AI for Digital Transformation\Project\Milestone 5 - Productionization + Refactoring\CSC5382-Project\data\raw\cap71.txt,16,50,932615.75,1
cap72,D:\aui\Ayoub\Spring_2026\AI for Digital Transformation\Project\Milestone 5 - Productionization + Refactoring\CSC5382-Project\data\raw\cap72.txt,16,50,977799.4,1
cap73,D:\aui\Ayoub\Spring_2026\AI for Digital Transformation\Project\Milestone 5 - Productionization + Refactoring\CSC5382-Project\data\raw\cap73.txt,16,50,1010641.45,1
cap74,D:\aui\Ayoub\Spring_2026\AI for Digital Transformation\Project\Milestone 5 - Productionization + Refactoring\CSC5382-Project\data\raw\cap74.txt,16,50,1034976.975,1
cap101,D:\aui\Ayoub\Spring_2026\AI for Digital Transformation\Project\Milestone 5 - Productionization + Refactoring\CSC5382-Project\data\raw\cap101.txt,25,50,796648.437,1
cap102,D:\aui\Ayoub\Spring_2026\AI for Digital Transformation\Project\Milestone 5 - Productionization + Refactoring\CSC5382-Project\data\raw\cap102.txt,25,50,854704.2,1
cap103,D:\aui\Ayoub\Spring_2026\AI for Digital Transformation\Project\Milestone 5 - Productionization + Refactoring\CSC5382-Project\data\raw\cap103.txt,25,50,893782.112,1
cap104,D:\aui\Ayoub\Spring_2026\AI for Digital Transformation\Project\Milestone 5 - Productionization + Refactoring\CSC5382-Project\data\raw\cap104.txt,25,50,928941.75,1
cap131,D:\aui\Ayoub\Spring_2026\AI for Digital Transformation\Project\Milestone 5 - Productionization + Refactoring\CSC5382-Project\data\raw\cap131.txt,50,50,793439.562,1
cap132,D:\aui\Ayoub\Spring_2026\AI for Digital Transformation\Project\Milestone 5 - Productionization + Refactoring\CSC5382-Project\data\raw\cap132.txt,50,50,851495.325,1
cap133,D:\aui\Ayoub\Spring_2026\AI for Digital Transformation\Project\Milestone 5 - Productionization + Refactoring\CSC5382-Project\data\raw\cap133.txt,50,50,893076.712,1
cap134,D:\aui\Ayoub\Spring_2026\AI for Digital Transformation\Project\Milestone 5 - Productionization + Refactoring\CSC5382-Project\data\raw\cap134.txt,50,50,928941.75,1
capa,D:\aui\Ayoub\Spring_2026\AI for Digital Transformation\Project\Milestone 5 - Productionization + Refactoring\CSC5382-Project\data\raw\capa.txt,100,1000,17156454.478,1
capb,D:\aui\Ayoub\Spring_2026\AI for Digital Transformation\Project\Milestone 5 - Productionization + Refactoring\CSC5382-Project\data\raw\capb.txt,100,1000,12979071.582,1
capc,D:\aui\Ayoub\Spring_2026\AI for Digital Transformation\Project\Milestone 5 - Productionization + Refactoring\CSC5382-Project\data\raw\capc.txt,100,1000,11505594.329,1
